q,d,corp,corp_size,m,m_rel
a,54,A,747089,11461,0.015340876388221484
b,45.5,A,747089,8483,0.011354738190496715
c,49.5,A,747089,9533,0.01276019322999
d,47,A,747089,5614,0.007514499611157439
e,43,A,747089,3096,0.0041440845735916335
a,38,B,265670,5561,0.02093198328753717
b,37,B,265670,4500,0.016938306922121428
c,30,B,265670,3821,0.014382504610983551
d,40.5,B,265670,521,0.00196107953476117
e,31,B,265670,1171,0.004407723867956488
