q,dist,range,corp,corp_size,m,m_rel
a,66,1230,A,747089,2978,0.003986138197724769
b,74,1192.5,A,747089,8483,0.011354738190496715
c,76,1157,A,747089,9533,0.01276019322999
d,63,1107,A,747089,5614,0.007514499611157439
e,74,1232,A,747089,3096,0.0041440845735916335
a,50,3119,B,265670,1061,0.003993676365415742
b,61,3264,B,265670,4500,0.016938306922121428
c,57,3264,B,265670,3821,0.014382504610983551
d,83,2885,B,265670,521,0.00196107953476117
e,37,2939,B,265670,1171,0.004407723867956488
