"","match.sum","match.freq","cpt","pre","minus","match.clean","BUE","match.clean.freq","match.clean.freq.BUE"
"meth:raw.freq",463,0.504357298474945,918,92,826,371,220,0.449152542372881,0.182808716707022
"meth:cat.c",193,0.210239651416122,918,92,826,101,220,0.12227602905569,-0.144067796610169
"meth:cat.cq",433,0.471677559912854,918,92,826,341,220,0.412832929782082,0.146489104116223
"meth:catsum",358,0.389978213507625,918,92,826,266,220,0.322033898305085,0.0556900726392252
