"","match.sum","match.freq","cpt","pre","minus","match.clean","match.clean.freq"
"meth:raw.freq",280,0.305010893246187,918,92,826,188,0.227602905569007
"meth:cat.c",62,0.0675381263616558,918,92,826,-30,-0.036319612590799
"meth:cat.cq",194,0.211328976034858,918,92,826,102,0.123486682808717
